Class of 2026 Step 2 Analysis (AY 25-26),,,,,,
Last Name,First Name,Step 2 (First Attempt),Step 2 (Second Attempt),,,
Student,Test,245,,,Class of 2026 Step 2,
Johnson,Emma,258,,,,
Williams,Noah,243,,,,
Davis,Olivia,267,,,,
Martinez,Liam,231,,,,
Chen,Sophia,255,,,,
Robinson,Jackson,249,,,,
Wilson,Ava,271,,,,
Taylor,Mason,219,241,,,
Anderson,Isabella,238,,,,
Brown,Ethan,262,,,,
Note: Green Highlighting indicates a new outcome reported this week,,,,,,
Note: Yellow Highlighting indicates a score below 214,,,,,,
